<?xml version="1.0" encoding="UTF-8"?>
<!DOCTYPE mapper PUBLIC "-//mybatis.org//DTD Mapper 3.0//EN" 
"http://mybatis.org/dtd/mybatis-3-mapper.dtd">
<mapper namespace="com.ecom4.member.dao.MemberDAO">
  <select id="idCheck" resultType="int">
    select count(mem_id) from member
    where mem_id = #{mem_id}
  </select>
  
  <insert id="memberJoin" parameterType="mdto">
    INSERT INTO MEMBER(  MEM_ID
					, M_PASSWD
					, M_NAME
					, M_EMAIL
					, M_PHONE
					, ZIPCODE
					, ADDRESS
					, ADDRESS2
					, M_JOB
					, M_ROLE)
    VALUES(   #{mem_id}
			, #{m_passwd}
			, #{m_name}
			, #{m_email}
			, #{m_phone}
			, #{zipcode}
			, #{address}
			, #{address2}
			, #{m_job}
			, 'mem')					
  </insert>
  <update id="memUpProc" parameterType="mdto">
    UPDATE MEMBER SET
      M_PASSWD =#{m_passwd}    
	, M_EMAIL  =#{m_email}     
	, M_PHONE  =#{m_phone}     
	, ZIPCODE  =#{zipcode}     
	, ADDRESS  =#{address}     
	, ADDRESS2 =#{address2}    
	, M_JOB    =#{m_job} 
     WHERE MEM_ID =#{mem_id}     
  </update>
  
  <select id="getMember" parameterType="mdto" resultType="mdto">
     SELECT MEM_ID, M_NAME, M_ROLE, M_PASSWD
			, M_EMAIL, M_PHONE, ZIPCODE, ADDRESS
			, ADDRESS2 , M_JOB, M_ROLE
     FROM MEMBER
     WHERE MEM_ID = #{mem_id} and M_PASSWD = #{m_passwd}
  </select>
  <select id="searchId" parameterType="mdto" resultType="string">
    SELECT MEM_ID FROM MEMBER
    WHERE M_NAME = #{m_name} AND M_PHONE=#{m_phone}
  </select>
  <update id="updatePasswd" parameterType="mdto">
    UPDATE MEMBER
    SET M_PASSWD = #{m_passwd}
    WHERE MEM_ID = #{mem_id}
  </update>
  <select id="memberTot">
   	SELECT COUNT(MEM_ID)
   	FROM MEMBER
  </select>
 <select id="getMembers" parameterType="mdto" 
  resultType="mdto">
   SELECT MEM_ID, M_NAME, M_ROLE, M_PASSWD
			, M_EMAIL, M_PHONE, ZIPCODE, ADDRESS
			, ADDRESS2 , M_JOB, M_ROLE
     FROM MEMBER
     WHERE M_ROLE='mem'
  </select>
  <delete id="memDelete" parameterType="mdto">
     DELETE FROM MEMBER
     WHERE MEM_ID = #{mem_id}
  </delete>
</mapper>









