<?xml version="1.0" encoding="UTF-8"?>
<!DOCTYPE mapper PUBLIC "-//mybatis.org//DTD Mapper 3.0//EN" 
"http://mybatis.org/dtd/mybatis-3-mapper.dtd">
<mapper namespace="com.ecom4.notice.dao.NoticeDAO">
  <select id="getTotalCnt" resultType="int">
   SELECT COUNT(NOTI_NO) FROM NOTICET
   WHERE STATE='A'
  </select>
  
  <select id="getNoticies" resultType="ndto">
   SELECT * FROM
   (SELECT ROWNUM AS RR, A.*
   FROM
   (SELECT 
	 NOTI_NO, SUBJECT, CONTENT, READCOUNT, 
	  WRITER, VDATE, REGDATE, 
	  STATE
    FROM NOTICET
    WHERE STATE='A'
    <if test="noti_no!=0">
      AND NOTI_NO = #{noti_no}
    </if>
    ORDER BY NOTI_NO DESC) A)
    <if test="start!=0 and end!=0">
    WHERE RR BETWEEN #{start} and #{end}
    </if>
  </select>
  
  <insert id="generateNotice" parameterType="ndto">
     <selectKey keyProperty="noti_no" order="BEFORE"
        resultType="int">
      SELECT NVL(MAX(NOTI_NO),0)+1 FROM NOTICET
    </selectKey>
     INSERT INTO NOTICET( NOTI_NO, SUBJECT, CONTENT,  
	 WRITER, VDATE, REGDATE, STATE)
	 values( #{noti_no}, #{subject}, #{content}, 
	         #{writer}, #{vdate},SYSDATE, 'A')
  </insert>
  
  <update id="updateReadCnt" parameterType="ndto">
    UPDATE NOTICET
    SET READCOUNT = READCOUNT+1
    WHERE NOTI_NO = #{noti_no}
  </update>
  <update id="updateProc" parameterType="ndto">
     UPDATE NOTICET SET
     SUBJECT =	#{subject}, 
     CONTENT =	#{content}  ,  
	 WRITER	=	#{writer}, 
	 VDATE	=	#{vdate}, 
	 REGDATE = 	SYSDATE
	 WHERE NOTI_NO = #{noti_no}
  </update>
   
   <update id="deleteProc" parameterType="ndto">
    UPDATE NOTICET SET STATE = 'D'
    WHERE NOTI_NO = #{noti_no}
   </update>
  
 </mapper>









