<?xml version="1.0" encoding="UTF-8"?>
<!DOCTYPE mapper PUBLIC "-//mybatis.org//DTD Mapper 3.0//EN" 
"http://mybatis.org/dtd/mybatis-3-mapper.dtd">
<mapper namespace="com.ecom4.product.dao.ProductDAO">
  <select id="getProductCnt" resultType="int">
   SELECT COUNT(P_NO) FROM PRODUCT
  </select>
  
  <select id="getProduct" resultType="pdto">
    SELECT P_NO, STOCK, PRICE, P_NAME, DETAIL, PR_DATE, IMAGE, PATH
    FROM PRODUCT
    WHERE P_NO=#{p_no}
  </select>
  
  <select id="getProductList" resultType="pdto">
   SELECT * FROM
   (SELECT ROWNUM AS RR, A.*
   FROM
   (SELECT P_NO, STOCK, PRICE, P_NAME, DETAIL, PR_DATE, IMAGE, PATH
    FROM PRODUCT
    ORDER BY PR_DATE DESC) A)
  </select>
  
  <insert id="insertProduct" parameterType="pdto">
    <selectKey keyProperty="p_no" order="BEFORE"
        resultType="int">
      SELECT NVL(MAX(P_NO),0)+1 FROM PRODUCT
    </selectKey>
    INSERT INTO PRODUCT(P_NO, STOCK, PRICE, P_NAME, DETAIL, 
                        PR_DATE, IMAGE, PATH)
    VALUES(#{p_no},
           #{stock}, #{price}, #{p_name}, #{detail}, 
    	   SYSDATE,#{image},#{path})  
  </insert>
  <update id="updateProduct" parameterType="pdto">
     UPDATE PRODUCT SET
      sTOCK = #{stock}, 
      PRICE = #{price}, 
      P_NAME= #{p_name}, 
      DETAIL= #{detail}, 
      PR_DATE= SYSDATE, 
      <if test="image!=null">
	  IMAGE  = #{image},   
      </if>  
      PATH = #{path}
      WHERE P_NO=#{p_no}
  </update>
  <update id="updateStocks" parameterType="list">
    <foreach collection="list" item="ovo" 
     index="index" separator=";" 
     open="DECLARE BEGIN" close="; END;">
        UPDATE PRODUCT
        SET STOCK = STOCK-#{ovo.quantity}
        <where>
          P_NO = #{ovo.p_no}
        </where>
    </foreach>
  </update>
  <select id="orderCntOfProduct" parameterType="int" 
          resultType="int">
    SELECT COUNT(O_NO) FROM ORDERT
    WHERE P_NO=#{p_no}
  </select>
  <delete id="productDel" parameterType="pdto">
   DELETE FROM PRODUCT WHERE P_NO = #{p_no}
  </delete>
 </mapper>









