<?xml version="1.0" encoding="UTF-8"?>
<!DOCTYPE mapper PUBLIC "-//mybatis.org//DTD Mapper 3.0//EN" "http://mybatis.org/dtd/mybatis-3-mapper.dtd">
<mapper namespace="com.ecom6.dao.order.OrderDao">
	<insert id="insertOrders" parameterType="list">
		<selectKey keyProperty="o_no" resultType="int" order="BEFORE">
		SELECT NVL(MAX(O_NO),0)+1 AS O_NO FROM ORDERT
		</selectKey>
		<foreach collection="list" item="ovo" index="index"
				 open="INSERT ALL " close="SELECT * FROM DUAL" separator=" ">
			INTO ORDERT(O_NO, PRICE, AMOUNT, QUANTITY, O_REGDATE, STATE, MEM_ID, P_NO)
			VALUES(#{o_no}, #{ovo.price},
				  #{ovo.price}*#{ovo.quantity}, 
				  #{ovo.quantity}, SYSDATE, 1,
				  #{ovo.mem_id}, #{ovo.p_no})
		</foreach>
	</insert>
	
	<select id="getTotalOrders" resultType="int" parameterType="ovo">
		SELECT COUNT(mem_id) FROM ORDERT
		<if test="mem_id!=null and m_role=='mem'">
			WHERE MEM_ID = #{mem_id}
		</if>
	</select>
	
	<select id="getOrders" parameterType="ovo" resultType="ovo">
	<!--
	/* 서브 쿼리를 이용한 방법 */
	 SELECT O_NO, PRICE, AMOUNT, QUANTITY, O_REGDATE, STATE, MEM_ID, P_NO, 
		(select P_NAME from product where p_no=#{p_no}) P_NAME
	FROM ORDERT
	WHERE MEM_ID = #{mem_id} -->
	<!-- /* 조인을 이용한 방법 */ -->
	SELECT O_NO, O.PRICE, AMOUNT, QUANTITY, TO_CHAR(O_REGDATE, 'YYYY-MM-DD') O_REGDATE, STATE, MEM_ID, 
			(SELECT M_NAME FROM MEMBER WHERE MEM_ID=#{mem_id}) M_NAME, O.P_NO, P.STOCK , P.IMAGE, P_NAME
	FROM ORDERT O
	INNER JOIN PRODUCT P
	ON O.P_NO = P.P_NO
	WHERE MEM_ID = #{mem_id}
	<if test="p_no!=0">
		AND O.P_NO = #{p_no}
	</if>
	<if test="o_no!=0">
		AND O_NO = #{o_no}
	</if>
	</select>
	
	<select id="getOrderList" parameterType="ovo" resultType="ovo">
	<!-- SELECT O_NO, O.PRICE, AMOUNT, QUANTITY, O_REGDATE, STATE, 
			M.MEM_ID, O.P_NO, P.IMAGE, P_NAME, M.M_NAME
	FROM ORDERT O
	INNER JOIN PRODUCT P
	ON O.P_NO = P.P_NO
	INNER JOIN MEMBER M
	ON M.MEM_ID = O.MEM_ID -->
	SELECT * FROM (
	SELECT ROWNUM RN, A.* FROM (
	SELECT O.O_NO, O.P_NO, O.PRICE, O.AMOUNT, O.QUANTITY, TO_CHAR(O_REGDATE, 'YYYY-MM-DD') O_REGDATE, O.STATE,
	        M.MEM_ID, M.M_NAME, M.M_ROLE, P.IMAGE, P_NAME, P.STOCK
	        FROM ORDERT O
	        INNER JOIN PRODUCT P
	        ON O.P_NO = P.P_NO
	        INNER JOIN MEMBER M
	        ON M.MEM_ID = O.MEM_ID
	        ORDER BY O.O_NO DESC) A 
	) 
	<![CDATA[
	WHERE RN >= 1 AND RN <= 6
	]]>
	</select>
	
	<update id="orderStateUpdate" parameterType="list">
		<foreach collection="list" item="item" index="index" separator=";"
			open="DECLARE BEGIN" close="; END;">
			UPDATE ORDERT SET
			STATE=#{item.state},
			O_REGDATE=SYSDATE
			WHERE O_NO=#{item.o_no}
			AND P_NO=#{item.p_no}
			AND MEM_ID=#{item.mem_id}
		</foreach>
	</update>
	
	<update id="updateState" parameterType="ovo">
		UPDATE ORDERT SET
		STATE=#{state},
		O_REGDATE=SYSDATE
		WHERE O_NO=#{o_no}
		AND P_NO=#{p_no}
		AND MEM_ID=#{mem_id}
	</update>
	
	<delete id="deleteOrder" parameterType="ovo">
		DELETE FROM ORDERT 
		WHERE P_NO = #{p_no} 
		AND O_NO=#{o_no}
		AND MEM_ID=#{mem_id}
	</delete>
</mapper>