<?xml version="1.0" encoding="UTF-8"?>
<!DOCTYPE mapper PUBLIC "-//mybatis.org//DTD Mapper 3.0//EN" "http://mybatis.org/dtd/mybatis-3-mapper.dtd">
<mapper namespace="com.ecom4.board.dao.BoardDAO">
<select id="getArticles" resultType="bvo" parameterType="bvo">
SELECT * FROM
 (SELECT ROWNUM AS RN, A.*
  FROM
   (SELECT BNO, BREF, BSTEP, BLEVEL,
    READCOUNT, SUBJECT, CONTENT, WRITER,
    REGDATE, IP, PASSWD
    FROM BOARD
    ORDER BY BREF DESC, BNO, BSTEP) A)
    WHERE RN BETWEEN #{start} and #{end}
</select>

<select id="getTotalCnt" resultType="int">
	SELECT COUNT(BNO) FROM BOARD
</select>
<insert id="writeAction" parameterType="bvo">
	<selectKey keyProperty="nbno" resultType="int" order="BEFORE">
		SELECT NVL(MAX(BNO),0)+1 nbno FROM BOARD
	</selectKey>
	INSERT INTO BOARD(BNO, BREF, BSTEP, BLEVEL,
					  READCOUNT, SUBJECT, CONTENT, WRITER,
					  REGDATE, IP, PASSWD)
	
	VALUES(#{nbno},
		   <choose>
		     <when test="bno>0">
			   #{bno},
			   #{bstep}+1,
			   #{blevel}+1,
		   	 </when>
		   	 <when test="bno==0 and bref==0">
			   #{nbno},
			   #{bstep},
			   #{blevel},
		   	 </when>
		   </choose>
		   #{readcount},
		   #{subject},
		   #{content},
		   #{writer},
		   sysdate,
		   #{ip},
		   #{passwd})
</insert>
<update id="updateReadCnt" parameterType="bvo">
	UPDATE BOARD SET READCOUNT = READCOUNT+1
	WHERE BNO = #{bno}
</update>
<select id="getArticle" resultType="bvo" parameterType="bvo">
	SELECT BNO, BREF, BSTEP, BLEVEL,
	READCOUNT, SUBJECT, CONTENT, WRITER,
	REGDATE, IP, PASSWD
	FROM BOARD
	WHERE BNO = #{bno}
</select>
<update id="updateArticle" parameterType="bvo">
	UPDATE BOARD SET
	WRITER = #{writer},
	SUBJECT = #{subject},
	CONTENT = #{content},
	PASSWD = #{passwd},
	IP = #{ip},
	REGDATE = sysdate
	WHERE BNO = #{bno}
</update>
<delete id="deleteArticle" parameterType="bvo">
	DELETE FROM BOARD WHERE BNO = #{bno}
</delete>
</mapper>