<?xml version="1.0" encoding="UTF-8"?>
<configuration scan="true" scanPeriod="30 seconds">
    <appender name="ROLLING" class="ch.qos.logback.core.rolling.RollingFileAppender">
        <file>E:\Ecom_Work\logs\shopLog.log</file>
        <rollingPolicy class="ch.qos.logback.core.rolling.TimeBasedRollingPolicy">
            <fileNamePattern>E:\Ecom_Work\logs\shopLog-%d{yyyy-MM-dd}.%i.log.zip</fileNamePattern>
            <timeBasedFileNamingAndTriggeringPolicy class="ch.qos.logback.core.rolling.SizeAndTimeBasedFNATP">
                <!-- or whenever the file size reaches 100MB -->
                <maxFileSize>100MB</maxFileSize>
            </timeBasedFileNamingAndTriggeringPolicy>
        </rollingPolicy>
        <encoder>
            <pattern>%d{HH:mm:ss.SSS} %-5level %logger{36} - %msg%n</pattern>
        </encoder>
    </appender>
    <appender name="STDOUT" class="ch.qos.logback.core.ConsoleAppender">
        <layout class="ch.qos.logback.classic.PatternLayout">
            <Pattern>%d{HH:mm:ss.SSS} [%-5level] - %msg%n</Pattern>
        </layout>
    </appender>
    
    <!-- Loggers -->
<!--     <logger name="org.apache.catalina" level="ERROR">
    </logger>
    
    <logger name="org.apache.commons" level="ERROR">
    </logger> -->
    
<!--     <logger name="org.springframework" level="DEBUG" >
    </logger> -->
    
  <!--   <logger name="java.sql" level="DEBUG">
    </logger> -->
    
    <logger name="org.mybatis.spring" level="DEBUG">
    </logger>
    
    <root level="DEBUG">
       <appender-ref ref="ROLLING"/>
       <appender-ref ref="STDOUT" />
    </root>

</configuration>
